<?xml version="1.0" encoding="utf-8"?>
<extension type="component" version="3.8" method="upgrade">

    <name>GroupMapping</name>
    <!-- The following elements are optional and free of formatting constraints -->
    <creationDate>June 2018</creationDate>
    <author>CHIPstorm IT</author>
    <authorEmail>itprojects@chipstorm.pt</authorEmail>
    <authorUrl>http://www.chipstorm.pt</authorUrl>
    <copyright>Copyright © Chipstorm and Leadership </copyright>
    <license>ID223124</license>
    <!--  The version string is recorded in the components table -->
    <version>1</version>
    <!-- The description is optional and defaults to the name -->
    <description>SSO Joomla component/plugin for MNE Intranet Portal, based by EF20180521v4 document development Guide</description>

    <update>        <!-- Runs on update; New since J2.5 -->
        <schemas>
            <schemapath type="mysql">sql/updates/mysql</schemapath>
        </schemas>
    </update>

    <install> <!-- Runs on Intall -->
        <sql>
            <file driver="mysql" charset="utf8">sql/install.mysql.utf8.sql</file>
        </sql>
    </install>

    <uninstall>    <!-- Runs on uninstall -->
        <sql>
            <file driver="mysql" charset="utf8">sql/uninstall.mysql.utf8.sql</file>
        </sql>
    </uninstall>

    <!-- Site Main File Copy Section -->
    <!-- Note the folder attribute: This attribute describes the folder
		to copy FROM in the package to install therefore files copied
		in this section are copied from /site/ in the package -->
    <files folder="site">
        <filename>index.html</filename>
        <filename>groupmapping.php</filename>
    </files>

    <administration>
        <!-- Administration Menu Section -->
        <menu link='index.php?option=com_groupmapping'>Group Mapping</menu>
        <!-- Administration Main File Copy Section -->
        <!-- Note the folder attribute: This attribute describes the folder
			to copy FROM in the package to install therefore files copied
			in this section are copied from /admin/ in the package -->
            <submenu>
                <!--
                    Note that all & must be escaped to &amp; for the file to be valid
                    XML and be parsed by the installer
                -->
                <menu link="option=com_groupmapping&amp;page=settings">Definições</menu>
                <menu link="option=com_groupmapping&amp;page=ldap_settings">Definições LDAP</menu>
                <menu link="option=com_grooupmapping&amp;page=logs">Logs</menu>
                <menu link="option=com_groupmapping&amp;page=mapping">Mapeamento</menu>
            </submenu>
        <files folder="admin">
            <!-- Admin Main File Copy Section -->
            <filename>index.html</filename>
            <filename>groupmapping.php</filename>
            <!-- SQL files section -->
            <folder>sql</folder>
            <folder>media</folder>
            <filename>functions.php</filename>
            <filename>groupmapping_ldap_settings.php</filename>
            <filename>groupmapping_logs.php</filename>
            <filename>groupmapping_map.php</filename>
            <filename>groupmapping_settings.php</filename>
            <filename>test.php</filename>
        </files>
    </administration>

</extension>